ID,Format Tre≈õci,Data (Timestamp),Wspoltworzenie,Poziom Zaangazowania
DI02NuEN9zO,GraphVideo,1745490035,nie,167
DILaSEpN1Gk,GraphImage,1744099629,tak,22
DJmKjoZIxGK,GraphVideo,1747144965,tak,102
DJi-p0nq7sp,GraphImage,1747037935,nie,30
DJi0kpstgh4,GraphSidecar,1747032648,nie,452
DJdy71FRkRk,GraphImage,1746864018,nie,72
DJWjjyVqHPO,GraphImage,1746621076,nie,22
DJTuv_Ntaay,GraphVideo,1746526473,nie,200
DJJMppNv0v9,GraphVideo,1746172878,tak,321
DI_JIPBNm0j,GraphSidecar,1745835466,tak,361
DIyqY7BtOhY,GraphVideo,1745416720,nie,70
DInueU4MrfV,GraphVideo,1745049800,nie,212
DIlF_swyYTP,GraphImage,1744961408,nie,113
DIi_uN3tAyu,GraphVideo,1744891310,nie,169
DIizCPSNAt2,GraphImage,1744884359,nie,412
DITlgLnMSqM,GraphVideo,1744374005,tak,40
DIRLs-vJ_3q,GraphVideo,1744293357,tak,49
DIQ-eiSMEOG,GraphVideo,1744286427,tak,97
DILxAaVtXUu,GraphVideo,1744112056,tak,400
DIJINc9tlTR,GraphVideo,1744023091,tak,262
DH8nX21tGH5,GraphVideo,1743603418,tak,188
DHsvkvROzPi,GraphSidecar,1743070605,tak,861
DHdDSZaB9be,GraphSidecar,1742544069,tak,257
DHbMqfYsmA_,GraphVideo,1742481994,tak,186
DHaazOCu7hX,GraphSidecar,1742455734,nie,148
DHWDKbLp806,GraphVideo,1742309160,tak,379
DHLej8VM3I5,GraphSidecar,1741954389,tak,333
DHJVHGqyrYW,GraphImage,1741882326,tak,131
DHGg7deqTUA,GraphVideo,1741787898,nie,37
DHGUGiYxhPh,GraphImage,1741781133,tak,233
DHBQavlOc2D,GraphSidecar,1741611429,nie,865
DG5uqXVvAlW,GraphVideo,1741358889,tak,184
DG3PCy_uQHj,GraphSidecar,1741275165,tak,254
DG0vGMKNimW,GraphSidecar,1741191306,tak,254
DG0kuWxIbaK,GraphVideo,1741186216,tak,83
DGyBKKSOgSh,GraphVideo,1741100375,nie,27
DGvc3O5oFPJ,GraphVideo,1741014047,nie,57
DGbM2i4uNfz,GraphImage,1740334492,tak,326
DGVk9QZo3B-,GraphImage,1740145803,tak,121
DGNXqqXoO94,GraphVideo,1739870665,nie,301
DGDTeG9Iem8,GraphImage,1739532656,tak,178
DFnQEqEIgDG,GraphSidecar,1738591349,nie,124
DFXc3_WOOjv,GraphImage,1738061191,nie,881
DFF3A7CoFAD,GraphImage,1737470915,tak,155
DFA5oVFiQQn,GraphImage,1737304500,nie,494
DE2T6msulGh,GraphSidecar,1736949197,nie,385
DEnROr8iQVN,GraphSidecar,1736444472,tak,155
DEPN9PPIyZf,GraphVideo,1735636556,tak,267
DD7BTXPoG28,GraphImage,1734959728,nie,230
DDpBZDeomXG,GraphSidecar,1734355794,tak,683
DDm797SOflD,GraphVideo,1734286353,tak,356
DDPIeRIuc57,GraphVideo,1733487419,nie,86
DDKVKe7oOGw,GraphVideo,1733326277,tak,131
DC9W6p0I10u,GraphSidecar,1732890684,tak,130
DCwnkxSIYGv,GraphVideo,1732463254,nie,527
DCrU1_sIQmF,GraphImage,1732285618,nie,407
DCqzrDAu23h,GraphVideo,1732268677,tak,106
DCjSdmgo375,GraphImage,1732015934,nie,25
DCTyp2bOy8D,GraphSidecar,1731495940,nie,933
DB-_BmsuqXD,GraphVideo,1730798324,nie,121
DBrhAowu22B,GraphVideo,1730146108,nie,135
DBrMluMu6EZ,GraphSidecar,1730133806,nie,576
DBkLX-ht9QN,GraphSidecar,1729898288,tak,118
DBjQ7ysotAh,GraphVideo,1729868074,tak,108
DBib3rFv9vT,GraphVideo,1729839872,tak,116
DBeB4LkIkyT,GraphSidecar,1729691983,tak,901
DBa1d5ZtspT,GraphImage,1729584813,nie,151
DBYQzP4OTQU,GraphImage,1729498480,nie,40
DBL27p8OPQv,GraphSidecar,1729082264,nie,292
DBGJJdsu-EK,GraphVideo,1728890657,tak,548
DAioGOjIVkS,GraphSidecar,1727698755,tak,982
DAX-WYXOqPj,GraphVideo,1727341680,nie,126
DAQfTsFIC7c,GraphSidecar,1727090167,nie,123
C_xXBhmOZNC,GraphVideo,1726045832,tak,188
C_uc0sjoGm1,GraphVideo,1725948000,nie,82
C_iBuS8OVuB,GraphVideo,1725531222,tak,122
C_fdzcgOEc9,GraphVideo,1725445348,tak,145
C_c1xlNOtVB,GraphVideo,1725357165,tak,255
C_S0hkMIX_e,GraphImage,1725020916,nie,493
C-XOZQVocBx,GraphVideo,1723021200,nie,208
C-H94uWuYLc,GraphVideo,1722509480,nie,168
C97Ng0PKQAx,GraphVideo,1722081252,nie,182
C9xAw2LICUy,GraphVideo,1721739081,tak,557
C9nRG9CoRW9,GraphImage,1721412000,nie,517
C9U8S0bothN,GraphSidecar,1720797131,tak,216
C9SHMS1o1GX,GraphSidecar,1720702181,tak,1320
C84BTWqIhK4,GraphSidecar,1719826678,tak,506
C8wOIxmtzFZ,GraphVideo,1719565026,nie,123
C8r0c1CoUJE,GraphSidecar,1719417287,tak,708
C8ewK9iIC-a,GraphVideo,1718979235,tak,121
C8URg07InU0,GraphVideo,1718627616,nie,183
C8M3sTQIL9B,GraphVideo,1718379043,nie,278
C7y3RlbCuOg,GraphImage,1717506165,nie,152
C7ZbWWwIV2G,GraphVideo,1716652806,nie,225
C7PZq6AIQed,GraphImage,1716316200,nie,413
C7Cer9rIrgR,GraphVideo,1715883198,tak,154
C7B-8tRIxRU,GraphVideo,1715866158,tak,45
C6_89k4o8Pv,GraphVideo,1715797973,tak,55
C63kIq1Ipqi,GraphVideo,1715516537,tak,395
C6ykOvAC-Yr,GraphImage,1715348696,nie,560
C6yUvYkoytv,GraphVideo,1715340687,tak,167
C6wDGCPIpI4,GraphVideo,1715264266,tak,162
C6dUkayIru-,GraphImage,1714635842,nie,363
C6YejHaoT_M,GraphVideo,1714473712,nie,266
C57zp-ko_QE,GraphVideo,1713511385,nie,409
C53TChgoCyZ,GraphSidecar,1713359972,tak,691
C5ikOnVI5Kn,GraphVideo,1712664436,nie,488
C5gNRhrIado,GraphVideo,1712585472,nie,26
C4_IqjgoLFN,GraphVideo,1711476234,nie,63
C4tIgYgilB7,GraphVideo,1710871595,tak,285
C4tDwYJImHx,GraphVideo,1710869068,nie,29
C4h_WovovsO,GraphSidecar,1710497524,tak,102
C4bMZKwL0Qz,GraphVideo,1710269949,nie,66
C4YTjVQi0r_,GraphVideo,1710172741,tak,1439
C4QRYmhIQUw,GraphImage,1709902998,nie,161
C4IZsI6Id2-,GraphVideo,1709639149,tak,40
C4GZRbgo4jQ,GraphVideo,1709571865,nie,78
C35MM-jiHNv,GraphImage,1709128529,nie,55
C3nVav8Ib0D,GraphImage,1708529381,nie,65
C3iNxLDoGz6,GraphVideo,1708357647,nie,271
C3U7iF-Lu2K,GraphVideo,1707911835,nie,145
C3IKIxiI0Xp,GraphVideo,1707483582,nie,959
C2r6OBII2x9,GraphVideo,1706535728,tak,401
C2ezN3ZtIMX,GraphImage,1706095531,nie,35
C2etTnHozXT,GraphVideo,1706093002,nie,210
C2chC9HoMYN,GraphSidecar,1706018895,nie,361
C2Kyge2ocb2,GraphVideo,1705424128,nie,397
C1_xt8voLQA,GraphSidecar,1705054557,nie,110
C1hoyP8o3fO,GraphVideo,1704043446,nie,367
C1WvD61IzNa,GraphImage,1703677433,nie,377
C1NNrLYL6kY,GraphVideo,1703357990,tak,151
C1MsdTgII1Q,GraphImage,1703340523,nie,35
C1KUpdmIKL1,GraphVideo,1703261027,nie,549
C1ChTkGoGW2,GraphVideo,1702999187,tak,63
C0mWYNICxPc,GraphVideo,1702053976,tak,72
C0gfDvooh3R,GraphVideo,1701857826,nie,395
C0UKciNinxj,GraphSidecar,1701443643,tak,667
C0L1O24o2Fw,GraphVideo,1701164799,tak,428
C0JZjVcIqsA,GraphVideo,1701084700,tak,189
C0Bh49Bo223,GraphSidecar,1700818400,tak,69
Cz_S-4kizp8,GraphVideo,1700743602,tak,249
Czv_vQaIhm4,GraphImage,1700230070,tak,128
Cza478Ho2S_,GraphVideo,1699522889,tak,232
CzGdncmq4BB,GraphImage,1698836427,nie,246
Cy6E14SiUsh,GraphVideo,1698420946,tak,322
Cy5mEX_N2Pd,GraphSidecar,1698404672,nie,215
CykrF_tLzeb,GraphVideo,1697702957,tak,651
CyiU8j4IFIc,GraphSidecar,1697623943,tak,1265
Cyc24Mbo0SS,GraphImage,1697440407,tak,176
CyVWYmxtiNm,GraphImage,1697188490,nie,126
CyN6skeIhII,GraphImage,1696939092,tak,200
CyLgNnjosaC,GraphVideo,1696858391,tak,254
Cx46Nd7I-QY,GraphSidecar,1696234194,tak,668
Cxu2Ou-oowX,GraphSidecar,1695896563,tak,443
CxnU-QnIuB7,GraphImage,1695644246,nie,482
CxFmFsYI0Sk,GraphVideo,1694513060,tak,293
Cw96k4CoO7V,GraphVideo,1694254849,tak,144
Cw2fmaxuSlw,GraphVideo,1694005852,tak,116
Cw08T0AolEi,GraphSidecar,1693953593,tak,105
CwVqJfSr2oH,GraphImage,1692903884,nie,273
CwDEkegIspx,GraphSidecar,1692280227,nie,645
CvXwSwbIFGe,GraphSidecar,1690826710,nie,817
CvPz5Cvooiu,GraphSidecar,1690560182,tak,458
CvHXr7toDyz,GraphVideo,1690277749,nie,106
CvAl9I6tK7m,GraphVideo,1690049617,nie,137
Cu7hOYetPEz,GraphVideo,1689879385,tak,291
Cu1lAT3Ihe2,GraphSidecar,1689679962,nie,159
Cug0ByYoElj,GraphSidecar,1688983195,tak,959
CuW13qJIPIN,GraphVideo,1688648812,tak,103
CuPNd0zo2Rv,GraphImage,1688392553,nie,392
CuEkBxpI5T5,GraphVideo,1688036038,tak,182
Ct9C-OaoR09,GraphSidecar,1687783071,tak,204
Ct1a80doO_Y,GraphVideo,1687527359,tak,346
Ct1aro7IUBv,GraphVideo,1687527094,tak,242
Ctrx5eqL1Iy,GraphSidecar,1687203694,tak,493
CtOhUXgIgT-,GraphImage,1686221923,nie,321
CtG0i9Oo9dk,GraphSidecar,1685963568,tak,608
CssrOGqoLAQ,GraphVideo,1685086693,nie,396
Csa6gH3Ll6n,GraphImage,1684490296,tak,173
CsQl3TboUPh,GraphVideo,1684144286,tak,135
CsLvqOaIX5M,GraphImage,1683981295,nie,56
CsItMiFolnp,GraphSidecar,1683879340,tak,356
CsEKWPYISpF,GraphSidecar,1683726851,tak,236
CrszoTCotZY,GraphImage,1682943189,nie,655
Crk4kNaIRpH,GraphVideo,1682678091,tak,136
CrffJy_I5Qy,GraphSidecar,1682496246,nie,208
CrSuJnUIFvk,GraphVideo,1682067916,nie,185
CrLcWbZoW0k,GraphImage,1681823688,nie,282
CqxPXWyIT-e,GraphImage,1680944465,nie,172
CqkaJGdoimm,GraphVideo,1680513920,nie,154
CqXSUWYomRO,GraphImage,1680073597,nie,272
Cp7iEBzI6vk,GraphSidecar,1679142328,tak,353
Cp46wyuIrxE,GraphVideo,1679055737,nie,505
Cp0qK19rgCE,GraphImage,1678911697,tak,65
CpzTBIBIAl3,GraphImage,1678866005,nie,49
CpxAuLVITzC,GraphSidecar,1678789303,nie,429
Cpf2n4uLQbg,GraphImage,1678213583,tak,82
CpVFcvII-DS,GraphSidecar,1677852258,tak,348
CpKn698I-pX,GraphImage,1677501232,nie,113
CpCahqMotyC,GraphVideo,1677226184,tak,295
Co9xV5SoWYm,GraphImage,1677069964,nie,70
CopCD58I1CD,GraphSidecar,1676374086,tak,493
CocNvaaoBbl,GraphVideo,1675944858,nie,143
CoUfFA2IND0,GraphImage,1675684657,nie,356
CoKf2YXoxn2,GraphSidecar,1675349517,nie,77
CoCOfpmIcwq,GraphSidecar,1675071982,tak,331
Cny-mx4oj4c,GraphSidecar,1674560336,tak,151
Cno2K1JoF3H,GraphVideo,1674220819,tak,337
CneK7ziI69U,GraphSidecar,1673862156,tak,246
CnRgipbI3i9,GraphSidecar,1673437277,tak,885
Cm8rbo-oYMi,GraphImage,1672738344,nie,106
Cme4NS6ofNj,GraphSidecar,1671738409,nie,329
CmZt-dfrcrL,GraphImage,1671565272,nie,77
CmPiRBRIekv,GraphImage,1671223589,nie,39
CmPiIt5ocx_,GraphImage,1671223521,nie,46
CmPh_7_IVRj,GraphImage,1671223449,nie,41
CmPh57pIm36,GraphImage,1671223400,nie,32
CmPhzFpIxwg,GraphImage,1671223344,nie,26
CmPhrQZIwpU,GraphImage,1671223280,nie,63
CmJZQZlI4dr,GraphImage,1671017538,nie,42
Cl1qC3_Lopg,GraphSidecar,1670355252,tak,362
ClEv9-0g5e5,GraphVideo,1668714213,tak,99
CkwQ319LM1o,GraphSidecar,1668026798,nie,293
Ckgt_SfKmAJ,GraphImage,1667505193,tak,575
CkP9zGnIzA0,GraphSidecar,1666943056,tak,830
CkK57AtI0jU,GraphSidecar,1666773252,tak,88
Cjp04Ono3_2,GraphImage,1665663311,nie,41
CjVRt8-IzO3,GraphImage,1664973788,tak,846
CjQLuQno4Cp,GraphImage,1664802873,nie,386
CjGBQiPIjxM,GraphSidecar,1664461842,tak,383
CiK1HjdId86,GraphSidecar,1662475766,nie,133
CiIO2t1Ip6i,GraphImage,1662388596,nie,141
Ch4GAISoJ0K,GraphSidecar,1661847084,nie,365
Cgs-wuWoBAZ,GraphImage,1659326710,nie,115
CgKO_a0oIEn,GraphImage,1658160809,nie,436
Cf3wJd8I3On,GraphSidecar,1657540658,nie,245
CfdQa14KcMI,GraphImage,1656651612,tak,274
CfdQa14KcMI,GraphImage,1656651612,tak,274
CfYHFhbICHh,GraphImage,1656478946,nie,175
CfGYG3noEnH,GraphImage,1655883887,nie,607
CfEQEbUI_nL,GraphSidecar,1655812564,nie,161
CdxlhoxudUa,GraphSidecar,1653038795,nie,157
CdqJUKoo0ym,GraphSidecar,1652789124,tak,291
CdYTJ_OIlCo,GraphSidecar,1652190304,tak,388
CdDKap2uK3W,GraphSidecar,1651481078,nie,446
Cch8iMIqSOt,GraphImage,1650366504,nie,243
CcQTShBKPHz,GraphSidecar,1649774454,tak,570
CbaehwzLKwd,GraphImage,1647968407,nie,92
CbXl0tlIKvN,GraphSidecar,1647871569,tak,891
CbH_eXnoPgZ,GraphImage,1647348147,tak,97
CbFYoYTopJK,GraphSidecar,1647260673,nie,598
CaoldAuOMck,GraphImage,1646294317,nie,105
CahaMhooAEz,GraphImage,1646053533,nie,357
CaXH7sXIvd2,GraphImage,1645708414,nie,1080
CX0n36aoqf7,GraphImage,1640255788,nie,160
CXTax0LI-xr,GraphSidecar,1639141626,tak,443
CXL2CHfIbiC,GraphSidecar,1638887480,tak,480
CWaolY7oqzQ,GraphImage,1637236261,nie,46
CWX6gYco8y0,GraphVideo,1637145017,nie,278
CWHB9-4owTX,GraphImage,1636578481,nie,434
CVBSNayIXPS,GraphVideo,1634238311,tak,729
CU-RyKwIvM1,GraphSidecar,1634137300,tak,319
CUw8lnYoch1,GraphSidecar,1633689979,tak,686
CUuXcw5ILY_,GraphImage,1633603399,nie,390
CUr_4d7oEbA,GraphSidecar,1633523934,nie,513
CUefbhxoycG,GraphSidecar,1633070713,tak,1109
CUcmvkto-ZL,GraphImage,1633007438,tak,727
CUNGtUDo8kL,GraphSidecar,1632487326,nie,540
CTouODXIRD1,GraphSidecar,1631266527,nie,202
CTjcyI3o95Q,GraphSidecar,1631089613,nie,132
CS6OiW1ILA5,GraphImage,1629706412,nie,135
CRjTMersTCM,GraphImage,1626789623,tak,190
CRQru3xrXY5,GraphImage,1626164949,nie,75
CQLBX54H-Ti,GraphImage,1623827485,nie,736
CQIn3I_Hf-t,GraphSidecar,1623747001,tak,547
CP2fu6Mnfwy,GraphImage,1623138759,nie,196
CPFqIOtHvSR,GraphVideo,1621500125,nie,276
CO2dlpCH342,GraphImage,1620990151,nie,214
COXbrL4nACp,GraphImage,1619948961,nie,282
COQNUQVnt_E,GraphImage,1619706552,nie,338
CN6-cbEnAcK,GraphImage,1618994111,nie,248
CLbTYZ_HXTV,GraphSidecar,1613636379,nie,417
CKGp3aaHPs5,GraphImage,1610796041,nie,504
CIp49xOnT-6,GraphSidecar,1607683395,nie,240
CIlAOm7Hrd1,GraphSidecar,1607519431,nie,277
CHQFlPpHgl1,GraphImage,1604670111,nie,165
CGUUCpXHoyr,GraphImage,1602664426,tak,427
CGFY0hEHtgX,GraphSidecar,1602163615,tak,294
CF9Ib1cHwVi,GraphImage,1601886589,nie,198
CFjZnOAnKy5,GraphImage,1601023180,tak,634
CFb0U9-Hgp5,GraphSidecar,1600768751,nie,228
CFbhcJgnQX-,GraphImage,1600758848,tak,667
CFMVxcin8jl,GraphImage,1600249415,tak,301
CFHZDBuHU1-,GraphSidecar,1600083359,nie,111
CE6YOu-HHgK,GraphSidecar,1599646723,nie,181
CE2brhuHqQ_,GraphSidecar,1599514314,nie,406
CEvnqLZnXYE,GraphImage,1599285714,nie,606
CDs3vZAnpRf,GraphImage,1597045998,nie,289
CDQdRxyH6N4,GraphImage,1596092600,tak,210
CCdRtJbHK9d,GraphImage,1594375257,tak,528
CCYKMelnvtd,GraphImage,1594203547,nie,202
CCA_YE9HDIL,GraphImage,1593426123,tak,348
CB5AsCNncv7,GraphImage,1593158375,nie,253
CB0HfUPnwQu,GraphSidecar,1592994169,nie,544
CBm9Kx1npjy,GraphSidecar,1592552550,nie,184
CBfTwEBno_3,GraphImage,1592295954,nie,755
CBSYBl3H83S,GraphImage,1591861988,nie,623
CBAhZ5lHkAh,GraphImage,1591262925,nie,252
CA4kqkLnarF,GraphImage,1590996199,tak,336
CAcgwvWHhro,GraphImage,1590054629,nie,208
B_4Z-PGnDD4,GraphImage,1588843110,nie,651
B_CWo3JHwkc,GraphImage,1587029422,nie,819
B-w4PwsnKBN,GraphImage,1586443063,nie,374
B-g59HZHy-G,GraphImage,1585907088,tak,284
B-XFK-9HFq3,GraphImage,1585577424,nie,582
B99aW_YH04z,GraphVideo,1584716200,nie,118
B93zu1rHF3d,GraphImage,1584528093,tak,166
B9zDp8wnHso,GraphSidecar,1584368670,nie,177
B9g3-b4HRVb,GraphSidecar,1583758566,nie,130
B9URJhgHRIV,GraphSidecar,1583335557,nie,176
B9HJiUtnR65,GraphSidecar,1582895358,nie,309
B88ha8xnoYY,GraphSidecar,1582538782,tak,589
B8ynhxEn2ye,GraphImage,1582206439,nie,506
B8tRawin-OS,GraphSidecar,1582027075,tak,526
B8RIJ6GHvQq,GraphSidecar,1581082694,nie,241
B78JQPqHHtQ,GraphSidecar,1580378628,nie,567
B7s1tNMn6yK,GraphSidecar,1579865063,nie,319
B7oDniaHY94,GraphImage,1579704584,tak,506
B7IwjJRB420,GraphSidecar,1578654399,tak,289
B6vUxLGn0U1,GraphVideo,1577801154,nie,259
B6c0qhdnx5W,GraphVideo,1577180190,tak,181
B6NwqHqHWMG,GraphImage,1576674745,nie,410
B5-HERhnOaF,GraphSidecar,1576149622,tak,507
B58Ho6tHtCj,GraphVideo,1576082902,tak,410
B516iHAHUyj,GraphSidecar,1575874616,tak,314
B5uMgHYH2l6,GraphImage,1575615601,nie,178
B5KQ5wKnkZJ,GraphImage,1574409949,nie,274
B47b0Vcnhm6,GraphSidecar,1573912355,tak,338
B4t8tTbHvKz,GraphImage,1573459837,tak,305
B4jkzgPHL0Y,GraphImage,1573111760,tak,164
B4ecR8XHOL-,GraphImage,1572939519,tak,317
B4Sc6XOHxf_,GraphImage,1572537197,nie,181
B4B27TsH_wl,GraphImage,1571980411,nie,585
B36u33onhuV,GraphSidecar,1571741307,tak,158
B3cZcbJHwTe,GraphSidecar,1570723439,nie,207
B3UMex8I_mh,GraphImage,1570448208,nie,433
B3JlaQ-oTrS,GraphSidecar,1570092179,nie,350
B3Ej4m4AfUq,GraphVideo,1569924086,tak,197
B24LoNRocEa,GraphImage,1569508236,tak,352
B2w2VmwI7ze,GraphImage,1569262193,nie,168
B2oPb0so7in,GraphImage,1568973361,tak,258
B2T0WqJIGxg,GraphSidecar,1568288074,tak,114
B19MeIpIDDF,GraphImage,1567528967,nie,80
B1qhYFJoVfn,GraphImage,1566902393,nie,107
B1GcQkCIRdP,GraphImage,1565691750,nie,408
B05UGaNnR0_,GraphSidecar,1565251265,nie,794
B0n1MKCI9fu,GraphImage,1564664634,nie,775
B0izoTpHrbM,GraphImage,1564496044,nie,141
B0Suw21oy04,GraphImage,1563956622,tak,219
B0FzJzeoleH,GraphImage,1563522716,nie,935
B0BRlDAoSdk,GraphSidecar,1563370895,tak,247
Bzh_OtwISLt,GraphSidecar,1562321088,tak,175
BzaTyqSoxdz,GraphImage,1562063432,nie,250
BzXzU_YomVH,GraphImage,1561979303,tak,576
BzP6Mc8I-VX,GraphImage,1561714468,tak,132
BzI1U_CoOZh,GraphImage,1561477035,nie,320
BzF0wViIvn6,GraphImage,1561376072,tak,187
By-Mw-2oP6O,GraphSidecar,1561120225,tak,71
By4dmuoIRA-,GraphSidecar,1560927727,tak,165
ByzUntjIgwZ,GraphImage,1560755244,nie,281
ByKOlu4oRTr,GraphImage,1559376351,nie,158
ByAjbWCIk8S,GraphSidecar,1559051731,nie,616
Bx7C6WdoDZO,GraphSidecar,1558866912,tak,166
Bx1_r8zIPaQ,GraphImage,1558697449,nie,174
BxchWAqILiV,GraphImage,1557842679,nie,235
BxNAjQ-lb80,GraphImage,1557322170,nie,228
BxHPhBUF1DJ,GraphImage,1557128689,nie,163
Bw4TA3pFCPd,GraphImage,1556627207,nie,192
Bwt7dM2F3nz,GraphImage,1556279311,nie,411
BwoW-0Tls5Y,GraphImage,1556092416,nie,771
Bwd7MwyF27F,GraphImage,1555742306,nie,194
BwbX_mwluQj,GraphImage,1555656739,nie,275
BwJ2GmtlXv0,GraphImage,1555068545,nie,501
Bv_nwZFlZCp,GraphImage,1554725479,nie,338
BvyiCHxFkmb,GraphImage,1554286271,nie,445
BvtDXsWF1gd,GraphImage,1554102423,nie,951
Bvi_NKmlyuU,GraphImage,1553764695,nie,422
BvgyGGwFUYL,GraphImage,1553690712,nie,297
BvRi_iIlQtj,GraphImage,1553179478,nie,573
BvRBzZol335,GraphImage,1553162077,tak,340
BvL2tGFlonV,GraphImage,1552988486,tak,302
BvBk2CkF9JX,GraphImage,1552643578,tak,206
Bu8gIWtl-lH,GraphImage,1552473334,tak,688
Buv4e62FnAq,GraphSidecar,1552049894,tak,556
Bulvs-Vl44s,GraphImage,1551709746,tak,343
Bua7af7Frg_,GraphSidecar,1551346788,nie,354
BuGu6Z7lUYM,GraphImage,1550669145,tak,364
Bt3OMtkFEce,GraphImage,1550148677,tak,407
BtVjgywFLo8,GraphImage,1549019001,nie,946
Bspgp9oFL0U,GraphImage,1547541108,nie,342
Bsah2TZl5Gw,GraphImage,1547038417,nie,507
Brw1z7PoDwk,GraphVideo,1545640209,tak,236
Brp4SVflZvK,GraphImage,1545406014,nie,398
BrnqSuBFPGL,GraphSidecar,1545331568,nie,238
BrhkhKvFZxN,GraphSidecar,1545127214,nie,989
BrDCHm6Fwb4,GraphSidecar,1544102546,nie,268
BrAVX5ulsKv,GraphImage,1544011977,tak,415
Bq7S-JIl62w,GraphSidecar,1543842946,tak,401
Bq2BndHlDwi,GraphSidecar,1543666075,tak,278
BqzhHHsFj-W,GraphImage,1543581924,nie,338
Bqt5MJDiNcB,GraphVideo,1543393747,nie,220
BqpHKItl-w5,GraphImage,1543232773,nie,510
BqC3NhTFerJ,GraphImage,1541949343,nie,270
Bp9DRhFF3HI,GraphImage,1541754341,nie,300
BpHW-XoAN31,GraphSidecar,1539952731,nie,199
BpBrv_UArrt,GraphSidecar,1539762296,nie,386
Bo3hZDZAEYP,GraphImage,1539421321,tak,176
BoyjHrcgXur,GraphVideo,1539254601,tak,103
BovtMcoAzgz,GraphImage,1539159074,tak,377
BorGyqvgpNX,GraphSidecar,1539004722,tak,338
Bog1sFMAAKH,GraphImage,1538660211,nie,361
BoeO3POgKnm,GraphImage,1538572746,nie,294
BoYmL3NAsOc,GraphImage,1538383647,tak,264
BoRQmL8g-pt,GraphSidecar,1538137447,tak,208
BoOZkx5gjrk,GraphImage,1538041491,tak,370
BoGk6bpAgLc,GraphImage,1537779000,nie,333
Bn8Kt21AD0e,GraphImage,1537429721,nie,279
BnQ0WX8A7Ca,GraphImage,1535975154,tak,84
Bmu9Q9XgHvd,GraphImage,1534838978,nie,215
BmNvLeNgzwg,GraphImage,1533724296,tak,422
BmLLjaAAUnM,GraphImage,1533638509,tak,401
BlFxPNxg6ky,GraphSidecar,1531309457,tak,182
BlC_sN-gaij,GraphImage,1531216371,tak,302
Bk5gTkBA9YL,GraphSidecar,1530897926,nie,201
Bk1xJRNARQW,GraphImage,1530772537,nie,94
Bkw63NJA97o,GraphSidecar,1530609860,tak,122
BkmjYWaAOmG,GraphImage,1530262004,tak,149
Bkhcew4g1LE,GraphImage,1530090614,tak,304
BkR8MITAx0T,GraphSidecar,1529570368,nie,95
BkM4EzsAgyf,GraphVideo,1529400625,tak,163
BkKQRFxATZY,GraphImage,1529312459,tak,259
Bj9OUpugnyC,GraphImage,1528875232,nie,183
BjtzdscAp89,GraphSidecar,1528357834,nie,141
Bjmbj-bg0ck,GraphImage,1528110421,nie,278
BjMhsJWgRy2,GraphImage,1527241219,nie,152
BjHujKhABeL,GraphImage,1527080189,nie,157
BjEhWxeAPjy,GraphImage,1526972608,tak,377
Bi6qpIRAqgf,GraphImage,1526641933,nie,134
Bi4L74rgXdk,GraphImage,1526558725,nie,113
BiwaukBAspc,GraphImage,1526298044,nie,91
Biob_hZAAhZ,GraphSidecar,1526030272,nie,128
Bid-WcnAhxL,GraphImage,1525679187,nie,264
Bh6Z7gngsjB,GraphImage,1524485687,nie,549
Bhv3NzDg5pk,GraphImage,1524131942,tak,312
BhtOKtyAOjg,GraphImage,1524043312,nie,441
Bhs7qt2gBLV,GraphImage,1524033613,nie,372
Bhgbc1WgrSB,GraphVideo,1523614671,tak,90
BhgUZRmACPE,GraphImage,1523610370,nie,141
Bhd09UuA1jU,GraphImage,1523526779,nie,307
BhbeWw4gepk,GraphImage,1523447820,nie,248
BhbQ7kZgIXv,GraphImage,1523440781,nie,163
Bha2H7GgVps,GraphSidecar,1523426727,nie,174
BhYaSJrAdwO,GraphImage,1523345022,tak,151
BhG2ar-gbqR,GraphImage,1522755792,nie,701
Bg5oy0_AvDb,GraphImage,1522312442,nie,496
Bgx87DQA5cU,GraphImage,1522054560,nie,314
BgqqKPHgnKi,GraphImage,1521809842,nie,187
Bglck-mhf5U,GraphImage,1521634948,nie,209
BglcAKVBhgD,GraphImage,1521634647,nie,410
BgOqoGJhhNU,GraphImage,1520870562,tak,178
BgI6aIEBoz9,GraphImage,1520677510,tak,236
BgGdtcpBqsy,GraphImage,1520595355,nie,271
BgDmkEhBlqb,GraphSidecar,1520499333,tak,278
Bf8Dt67A2T-,GraphImage,1520246183,nie,183
BfvYRZPAvDf,GraphImage,1519820751,nie,186
BfsZBv3AZf2,GraphImage,1519720484,tak,250
BfiCMweg-9l,GraphVideo,1519373310,tak,214
Bfdh1-TgRRM,GraphImage,1519221790,tak,318
BfX_Hy2ABEK,GraphImage,1519035814,tak,356
Be7jwHagfBP,GraphVideo,1518082246,nie,177
Be5aBVAAI3M,GraphImage,1518009729,tak,366
Be2lB0RgnGB,GraphImage,1517914837,nie,278
Bepu3hvAiH8,GraphImage,1517483788,nie,136
BepXqapgtvZ,GraphImage,1517471622,tak,148
BenfYbiADvq,GraphImage,1517408560,tak,221
Benenm0AugN,GraphImage,1517408160,nie,200
BekgC2KgJZ8,GraphImage,1517308244,nie,279
BeiCMLWgBhQ,GraphImage,1517225483,tak,264
Beh3n2ugGMI,GraphImage,1517219943,nie,158
Beaoftwg7iW,GraphImage,1516977131,tak,259
BeXkrn6ANkk,GraphImage,1516874468,nie,404
BeXjrmuABmd,GraphImage,1516873943,nie,216
BeVDulAgScv,GraphImage,1516790082,nie,770
BeSe6NBABG5,GraphImage,1516703669,tak,254
BeSHG4Qgfkk,GraphImage,1516691190,nie,329
BeQHiQtAPwo,GraphImage,1516624306,nie,87
BeNKOcqgSB4,GraphImage,1516525053,tak,65
BeIciVCAzQd,GraphImage,1516366881,nie,306
BeIQ75yAuva,GraphImage,1516360799,tak,198
BeGCjpvgM0v,GraphImage,1516286151,tak,141
BeDPQ6WAaz8,GraphImage,1516192150,nie,303
BeDD5S0gZGK,GraphImage,1516186190,nie,478
BeDC2FAgIAm,GraphImage,1516185639,nie,292
BeC80cnAZAM,GraphVideo,1516182629,nie,342
BeAZZl4g11H,GraphImage,1516096801,nie,231
Bd-R8MpgQG-,GraphVideo,1516026191,tak,257
Bd-MPFnAWL7,GraphSidecar,1516022790,nie,415
BbOftB6gK6J,GraphSidecar,1510127417,tak,423
BbKD9U1g8V8,GraphImage,1509978653,nie,402
Ba4K5sHhDaF,GraphImage,1509378313,tak,190
BaorICrBL-B,GraphVideo,1508858698,nie,288
BaZCrzuBLXI,GraphImage,1508333818,nie,292
BaOxCCHBC6e,GraphImage,1507989018,tak,168
BaG3bdqhs0E,GraphImage,1507723937,tak,115
BZ1HWQpBBB1,GraphSidecar,1507128303,tak,513
BZv4aJRhrl8,GraphImage,1506952699,nie,456
BZliXq6hMnR,GraphImage,1506605600,nie,162
BZi1lrYhKsd,GraphImage,1506515013,tak,329
BZf4eWeBJCU,GraphImage,1506415862,nie,471
BZV_3uJBOO8,GraphImage,1506084196,nie,299
BZOWzQiBvo7,GraphImage,1505827782,tak,276
BZBD929BqRr,GraphVideo,1505381700,tak,147
BY-4J1vhgHQ,GraphImage,1505308398,tak,196
BY8SOZPhqRJ,GraphImage,1505221403,tak,195
BYvMhvZBgvE,GraphImage,1504782208,tak,156
BYs5Iv_Bl_l,GraphImage,1504704933,tak,243
BYp-q6QBzj8,GraphImage,1504607171,tak,248
BYnuOaQBzTc,GraphImage,1504531440,nie,504
BX43diGBl5P,GraphImage,1502959225,nie,559
BX2buMFBq7Y,GraphImage,1502877572,nie,317
BXxqnd3Btsb,GraphImage,1502717609,nie,237
BXpiAe0BdB_,GraphImage,1502444660,tak,202
BXnpTQEBHrP,GraphImage,1502381375,tak,189
BXkXvGQBTm6,GraphImage,1502271503,nie,261
BXh7dLdBf9h,GraphImage,1502189567,nie,205
BXfFGNiBILT,GraphImage,1502093958,nie,200
BXXkwAYB9LV,GraphImage,1501842118,nie,206
BXVJNEBhIsw,GraphImage,1501760567,nie,353
BXSd0kMhe7L,GraphImage,1501670713,nie,220
BXP1zH_B0sX,GraphImage,1501582621,nie,186
BXFR5sqB7Us,GraphImage,1501228256,nie,469
BXDSUdDBJVM,GraphImage,1501161367,tak,181
BXAVdPCB8X3,GraphImage,1501062348,tak,242
BW-FG6dBFmw,GraphImage,1500986668,tak,161
BWzfh8MBMoA,GraphImage,1500631422,nie,334
BWwzUcHBJ_P,GraphImage,1500541134,nie,163
BWuPsuwBXyT,GraphSidecar,1500455350,tak,126
BWrtF9AhFCM,GraphImage,1500370097,tak,339
BWpaulaBgUA,GraphImage,1500293360,tak,215
BV4y2MTBHL9,GraphVideo,1498661838,tak,253
BVzFpv2hvsH,GraphImage,1498470371,nie,230
BVmSPY8hZwz,GraphImage,1498040763,nie,252
BVhHJycBh-H,GraphImage,1497867178,tak,344
BVR1iOOBaNj,GraphImage,1497354624,nie,303
BVO403YhzuS,GraphImage,1497255687,tak,333
BVHcyU5BTyW,GraphImage,1497006105,tak,216
BU_09zAj-0f,GraphImage,1496750346,nie,300
BU9NVnDjhFQ,GraphImage,1496662461,nie,465
BUjRVQtjxZf,GraphImage,1495792140,tak,305
BUgyn17D_xg,GraphVideo,1495708930,tak,165
BUeEK5rjN3n,GraphImage,1495617467,nie,415
BUbuDUCj5TW,GraphImage,1495538762,nie,236
BUWqmhWDzd3,GraphImage,1495369181,nie,177
BUUYHncjk18,GraphImage,1495292382,nie,210
BURVIMHjRIV,GraphImage,1495190150,tak,250
BUMUQpCDDHH,GraphImage,1495021923,nie,400
BUEVJhDDI6A,GraphImage,1494753953,tak,281
BT_VvheDQ8T,GraphImage,1494586493,tak,378
BT60UNsDh1g,GraphImage,1494434750,nie,401
BTHIJiAD-sI,GraphImage,1492700317,tak,188
BTD2qJKD6tc,GraphImage,1492590484,nie,261
BTBesfID5Tf,GraphImage,1492510812,nie,487
BS0w94zDMPd,GraphImage,1492084184,nie,348
BSgXHsjDV-j,GraphImage,1491399544,nie,331
BSS_Pigjv6q,GraphImage,1490950818,nie,518
BSO1MCsDsjO,GraphImage,1490811328,nie,517
BSI9CYVjGJh,GraphImage,1490614117,tak,108
BSBgWaWDadV,GraphImage,1490364196,nie,278
BR-6Hecj-tO,GraphImage,1490277041,tak,162
BR5dzUgjC7q,GraphSidecar,1490094424,nie,288
BRyFpcxDzJ6,GraphSidecar,1489846879,tak,188
BRvkexaD5hH,GraphImage,1489762381,nie,528
BRnSMlsDryJ,GraphImage,1489484360,nie,135
BRlBW9IjWCb,GraphImage,1489408423,tak,64
BRjRAWSD3Dy,GraphImage,1489349518,tak,143
BRfq5uujkQr,GraphImage,1489228877,nie,443
BRachw0DFY7,GraphVideo,1489053569,nie,221
BRYMW9yj2V2,GraphImage,1488977983,tak,280
BRXruwXDIKS,GraphImage,1488960876,nie,385
BRVojmsDWpc,GraphSidecar,1488892103,tak,94
BRLWauQDWNa,GraphImage,1488547049,tak,265
BRJVuZmDTcA,GraphImage,1488479577,nie,563
BRF1Z8bjSXS,GraphImage,1488361969,tak,174
BQfcC00lGfS,GraphImage,1487073604,nie,264
BQNrqz7lz_P,GraphImage,1486477816,nie,404
BQDLUX9lrUA,GraphImage,1486125310,tak,470
BQAOgxmlSTf,GraphImage,1486026322,nie,222
BP7U_NlltAq,GraphImage,1485861944,nie,305
BPxwrGxFoa3,GraphImage,1485540916,nie,421
BPxSvxuFk2b,GraphImage,1485525225,tak,219
BPufwxllJ_h,GraphImage,1485431386,tak,205
BPpOXWcl7Re,GraphImage,1485254492,tak,230
BPcnHs0Ad3N,GraphImage,1484831264,tak,276
BPXePQ3lSAL,GraphImage,1484658835,tak,91
BPUyXURFvUL,GraphImage,1484568723,tak,217
BPPdskNl08E,GraphImage,1484390115,nie,154
BPMuSbjlmw8,GraphImage,1484298151,tak,139
BPCeyD4lCFF,GraphVideo,1483954477,tak,134
BPBG-S4FmMJ,GraphImage,1483908440,nie,227
BO4BCfAFrSm,GraphImage,1483603339,nie,218
BO1rL3oFi1F,GraphImage,1483524772,nie,34
BOws0TvARwA,GraphImage,1483357856,nie,153
DI02NuEN9zO,GraphVideo,1745490035,nie,167
DILaSEpN1Gk,GraphImage,1744099629,tak,22
DJmKjoZIxGK,GraphVideo,1747144965,tak,102
DJi-p0nq7sp,GraphImage,1747037935,nie,30
DJi0kpstgh4,GraphSidecar,1747032648,nie,452
DJdy71FRkRk,GraphImage,1746864018,nie,72
DJWjjyVqHPO,GraphImage,1746621076,nie,22
DJTuv_Ntaay,GraphVideo,1746526473,nie,200
DJJMppNv0v9,GraphVideo,1746172878,tak,321
DI_JIPBNm0j,GraphSidecar,1745835466,tak,361
DIyqY7BtOhY,GraphVideo,1745416720,nie,70
DInueU4MrfV,GraphVideo,1745049800,nie,212
DIlF_swyYTP,GraphImage,1744961408,nie,113
DIi_uN3tAyu,GraphVideo,1744891310,nie,169
DIizCPSNAt2,GraphImage,1744884359,nie,412
DITlgLnMSqM,GraphVideo,1744374005,tak,40
DIRLs-vJ_3q,GraphVideo,1744293357,tak,49
